{
  "__requires": [
    {
      "type": "grafana",
      "id": "grafana",
      "name": "Grafana",
      "version": "7.3.7"
    },
    {
      "type": "panel",
      "id": "graph",
      "name": "Graph",
      "version": "5.0.0"
    },
    {
      "type": "datasource",
      "id": "prometheus",
      "name": "Prometheus",
      "version": "5.0.0"
    },
    {
      "type": "panel",
      "id": "singlestat",
      "name": "Singlestat",
      "version": "5.0.0"
    },
    {
      "type": "panel",
      "id": "table",
      "name": "Table",
      "version": ""
    }
  ],
  "annotations": {
    "list": [
      {
        "builtIn": 1,
        "datasource": "-- Grafana --",
        "enable": true,
        "hide": true,
        "iconColor": "rgba(0, 211, 255, 1)",
        "name": "Annotations & Alerts",
        "type": "dashboard"
      }
    ]
  },
  "editable": true,
  "gnetId": null,
  "graphTooltip": 0,
  "id": null,
  "iteration": 1699891569664,
  "links": [],
  "panels": [
    {
      "collapsed": false,
      "datasource": null,
      "gridPos": {
        "h": 1,
        "w": 24,
        "x": 0,
        "y": 0
      },
      "id": 46,
      "panels": [],
      "title": "Overview",
      "type": "row"
    },
    {
      "cacheTimeout": null,
      "colorBackground": false,
      "colorValue": false,
      "colors": [
        "rgba(245, 54, 54, 0.9)",
        "rgba(237, 129, 40, 0.89)",
        "rgba(50, 172, 45, 0.97)"
      ],
      "datasource": "${DS_PROMETHEUS}",
      "fieldConfig": {
        "defaults": {
          "custom": {}
        },
        "overrides": []
      },
      "format": "none",
      "gauge": {
        "maxValue": 100,
        "minValue": 0,
        "show": false,
        "thresholdLabels": false,
        "thresholdMarkers": true
      },
      "gridPos": {
        "h": 7,
        "w": 6,
        "x": 0,
        "y": 1
      },
      "height": 250,
      "id": 26,
      "interval": null,
      "links": [],
      "mappingType": 1,
      "mappingTypes": [
        {
          "name": "value to text",
          "value": 1
        },
        {
          "name": "range to text",
          "value": 2
        }
      ],
      "maxDataPoints": 100,
      "nullPointMode": "connected",
      "nullText": null,
      "postfix": "",
      "postfixFontSize": "50%",
      "prefix": "",
      "prefixFontSize": "50%",
      "rangeMaps": [
        {
          "from": "null",
          "text": "N/A",
          "to": "null"
        }
      ],
      "span": 2,
      "sparkline": {
        "fillColor": "rgba(31, 118, 189, 0.18)",
        "full": false,
        "lineColor": "rgb(31, 120, 193)",
        "show": false
      },
      "tableColumn": "",
      "targets": [
        {
          "expr": "sum(kafka_connect_worker_connector_count{strimzi_io_kind=~\"KafkaConnect.*\",strimzi_io_cluster=\"$strimzi_connect_cluster_name\"})",
          "format": "time_series",
          "interval": "",
          "intervalFactor": 2,
          "legendFormat": "",
          "refId": "A",
          "step": 40
        }
      ],
      "thresholds": "",
      "title": "Number of Connectors",
      "type": "singlestat",
      "valueFontSize": "200%",
      "valueMaps": [
        {
          "op": "=",
          "text": "N/A",
          "value": "null"
        }
      ],
      "valueName": "current"
    },
    {
      "cacheTimeout": null,
      "colorBackground": false,
      "colorValue": false,
      "colors": [
        "rgba(245, 54, 54, 0.9)",
        "rgba(237, 129, 40, 0.89)",
        "rgba(50, 172, 45, 0.97)"
      ],
      "datasource": "${DS_PROMETHEUS}",
      "fieldConfig": {
        "defaults": {
          "custom": {}
        },
        "overrides": []
      },
      "format": "none",
      "gauge": {
        "maxValue": 100,
        "minValue": 0,
        "show": false,
        "thresholdLabels": false,
        "thresholdMarkers": true
      },
      "gridPos": {
        "h": 7,
        "w": 6,
        "x": 6,
        "y": 1
      },
      "id": 27,
      "interval": null,
      "links": [],
      "mappingType": 1,
      "mappingTypes": [
        {
          "name": "value to text",
          "value": 1
        },
        {
          "name": "range to text",
          "value": 2
        }
      ],
      "maxDataPoints": 100,
      "nullPointMode": "connected",
      "nullText": null,
      "postfix": "",
      "postfixFontSize": "50%",
      "prefix": "",
      "prefixFontSize": "50%",
      "rangeMaps": [
        {
          "from": "null",
          "text": "N/A",
          "to": "null"
        }
      ],
      "span": 2,
      "sparkline": {
        "fillColor": "rgba(31, 118, 189, 0.18)",
        "full": false,
        "lineColor": "rgb(31, 120, 193)",
        "show": false
      },
      "tableColumn": "",
      "targets": [
        {
          "expr": "sum(kafka_connect_worker_task_count{strimzi_io_kind=~\"KafkaConnect.*\",strimzi_io_cluster=\"$strimzi_connect_cluster_name\"})",
          "format": "time_series",
          "intervalFactor": 2,
          "refId": "A",
          "step": 40
        }
      ],
      "thresholds": "",
      "title": "Number of Tasks",
      "type": "singlestat",
      "valueFontSize": "200%",
      "valueMaps": [
        {
          "op": "=",
          "text": "N/A",
          "value": "null"
        }
      ],
      "valueName": "current"
    },
    {
      "aliasColors": {},
      "bars": false,
      "dashLength": 10,
      "dashes": false,
      "datasource": "${DS_PROMETHEUS}",
      "decimals": 0,
      "fieldConfig": {
        "defaults": {
          "custom": {}
        },
        "overrides": []
      },
      "fill": 1,
      "fillGradient": 0,
      "gridPos": {
        "h": 7,
        "w": 12,
        "x": 12,
        "y": 1
      },
      "hiddenSeries": false,
      "id": 36,
      "legend": {
        "alignAsTable": true,
        "avg": false,
        "current": true,
        "max": false,
        "min": false,
        "rightSide": true,
        "show": true,
        "total": false,
        "values": true
      },
      "lines": true,
      "linewidth": 1,
      "nullPointMode": "null",
      "options": {
        "alertThreshold": true
      },
      "percentage": false,
      "pluginVersion": "7.3.7",
      "pointradius": 2,
      "points": false,
      "renderer": "flot",
      "seriesOverrides": [],
      "spaceLength": 10,
      "stack": false,
      "steppedLine": false,
      "targets": [
        {
          "expr": "sum(kafka_consumer_connection_count{strimzi_io_kind=~\"KafkaConnect.*\",strimzi_io_cluster=\"$strimzi_connect_cluster_name\"})",
          "hide": false,
          "interval": "",
          "legendFormat": "#consumer connections",
          "refId": "A"
        },
        {
          "expr": "sum(kafka_producer_connection_count{strimzi_io_kind=~\"KafkaConnect.*\",strimzi_io_cluster=\"$strimzi_connect_cluster_name\"})",
          "interval": "",
          "legendFormat": "#producer connections",
          "refId": "B"
        },
        {
          "expr": "sum(kafka_admin_client_connection_count{strimzi_io_kind=~\"KafkaConnect.*\",strimzi_io_cluster=\"$strimzi_connect_cluster_name\"})",
          "interval": "",
          "legendFormat": "#admin connections",
          "refId": "C"
        }
      ],
      "thresholds": [],
      "timeFrom": null,
      "timeRegions": [],
      "timeShift": null,
      "title": "Connection Count",
      "tooltip": {
        "shared": true,
        "sort": 0,
        "value_type": "individual"
      },
      "type": "graph",
      "xaxis": {
        "buckets": null,
        "mode": "time",
        "name": null,
        "show": true,
        "values": []
      },
      "yaxes": [
        {
          "decimals": 0,
          "format": "short",
          "label": null,
          "logBase": 1,
          "max": null,
          "min": null,
          "show": true
        },
        {
          "format": "short",
          "label": null,
          "logBase": 1,
          "max": null,
          "min": null,
          "show": true
        }
      ],
      "yaxis": {
        "align": false,
        "alignLevel": null
      }
    },
    {
      "aliasColors": {},
      "bars": false,
      "dashLength": 10,
      "dashes": false,
      "datasource": "${DS_PROMETHEUS}",
      "description": "Bytes per second outgoing to Kafka from Connect worker. Includes data to internal topics.",
      "fieldConfig": {
        "defaults": {
          "custom": {}
        },
        "overrides": []
      },
      "fill": 10,
      "fillGradient": 0,
      "gridPos": {
        "h": 7,
        "w": 12,
        "x": 0,
        "y": 8
      },
      "hiddenSeries": false,
      "id": 29,
      "legend": {
        "alignAsTable": true,
        "avg": true,
        "current": true,
        "max": false,
        "min": false,
        "show": true,
        "total": false,
        "values": true
      },
      "lines": true,
      "linewidth": 1,
      "links": [],
      "nullPointMode": "null",
      "options": {
        "alertThreshold": true
      },
      "percentage": false,
      "pluginVersion": "7.3.7",
      "pointradius": 5,
      "points": false,
      "renderer": "flot",
      "seriesOverrides": [],
      "spaceLength": 10,
      "stack": true,
      "steppedLine": false,
      "targets": [
        {
          "expr": "sum(rate(kafka_producer_outgoing_byte_total{strimzi_io_kind=~\"KafkaConnect.*\",strimzi_io_cluster=\"$strimzi_connect_cluster_name\"}[1m])) by (kubernetes_pod_name)",
          "interval": "",
          "legendFormat": "{{kubernetes_pod_name}}",
          "refId": "A"
        }
      ],
      "thresholds": [],
      "timeFrom": null,
      "timeRegions": [],
      "timeShift": null,
      "title": "(Source/Producers) Outgoing Bytes per Second",
      "tooltip": {
        "shared": true,
        "sort": 0,
        "value_type": "individual"
      },
      "type": "graph",
      "xaxis": {
        "buckets": null,
        "mode": "time",
        "name": null,
        "show": true,
        "values": []
      },
      "yaxes": [
        {
          "format": "Bps",
          "label": "Bytes/sec",
          "logBase": 1,
          "max": null,
          "min": "0",
          "show": true
        },
        {
          "format": "short",
          "label": null,
          "logBase": 1,
          "max": null,
          "min": null,
          "show": true
        }
      ],
      "yaxis": {
        "align": false,
        "alignLevel": null
      }
    },
    {
      "aliasColors": {},
      "bars": false,
      "dashLength": 10,
      "dashes": false,
      "datasource": "${DS_PROMETHEUS}",
      "description": "Bytes per second incoming to Kafka Connect worker from Kafka. Includes data from internal topics.",
      "fieldConfig": {
        "defaults": {
          "custom": {}
        },
        "overrides": []
      },
      "fill": 10,
      "fillGradient": 0,
      "gridPos": {
        "h": 7,
        "w": 12,
        "x": 12,
        "y": 8
      },
      "hiddenSeries": false,
      "id": 28,
      "legend": {
        "alignAsTable": true,
        "avg": true,
        "current": true,
        "max": false,
        "min": false,
        "show": true,
        "total": false,
        "values": true
      },
      "lines": true,
      "linewidth": 1,
      "links": [],
      "nullPointMode": "null",
      "options": {
        "alertThreshold": true
      },
      "percentage": false,
      "pluginVersion": "7.3.7",
      "pointradius": 5,
      "points": false,
      "renderer": "flot",
      "seriesOverrides": [],
      "spaceLength": 10,
      "stack": true,
      "steppedLine": false,
      "targets": [
        {
          "expr": "sum(rate(kafka_consumer_incoming_byte_total{strimzi_io_kind=~\"KafkaConnect.*\",strimzi_io_cluster=\"$strimzi_connect_cluster_name\"}[1m])) by (kubernetes_pod_name)",
          "interval": "",
          "legendFormat": "{{kubernetes_pod_name}}",
          "refId": "A"
        }
      ],
      "thresholds": [],
      "timeFrom": null,
      "timeRegions": [],
      "timeShift": null,
      "title": "(Sink/Consumers) Incoming Bytes per Second",
      "tooltip": {
        "shared": true,
        "sort": 0,
        "value_type": "individual"
      },
      "type": "graph",
      "xaxis": {
        "buckets": null,
        "mode": "time",
        "name": null,
        "show": true,
        "values": []
      },
      "yaxes": [
        {
          "format": "Bps",
          "label": "Bytes/sec",
          "logBase": 1,
          "max": null,
          "min": "0",
          "show": true
        },
        {
          "format": "short",
          "label": null,
          "logBase": 1,
          "max": null,
          "min": null,
          "show": true
        }
      ],
      "yaxis": {
        "align": false,
        "alignLevel": null
      }
    },
    {
      "collapsed": false,
      "datasource": null,
      "gridPos": {
        "h": 1,
        "w": 24,
        "x": 0,
        "y": 15
      },
      "id": 50,
      "panels": [],
      "title": "Workers",
      "type": "row"
    },
    {
      "datasource": null,
      "fieldConfig": {
        "defaults": {
          "custom": {},
          "mappings": [],
          "thresholds": {
            "mode": "absolute",
            "steps": [
              {
                "color": "green",
                "value": null
              },
              {
                "color": "red",
                "value": 80
              }
            ]
          }
        },
        "overrides": []
      },
      "gridPos": {
        "h": 4,
        "w": 12,
        "x": 0,
        "y": 16
      },
      "id": 52,
      "options": {
        "displayMode": "gradient",
        "orientation": "horizontal",
        "reduceOptions": {
          "calcs": [
            "last"
          ],
          "fields": "",
          "values": false
        },
        "showUnfilled": true
      },
      "pluginVersion": "7.3.7",
      "targets": [
        {
          "expr": "sum(kafka_connect_coordinator_assigned_connectors{strimzi_io_kind=~\"KafkaConnect.*\",strimzi_io_cluster=\"$strimzi_connect_cluster_name\"}) by (kubernetes_pod_name)",
          "interval": "",
          "legendFormat": "{{kubernetes_pod_name}}",
          "refId": "A"
        }
      ],
      "timeFrom": null,
      "timeShift": null,
      "title": "Assigned Connectors by Worker",
      "type": "bargauge"
    },
    {
      "aliasColors": {},
      "bars": false,
      "dashLength": 10,
      "dashes": false,
      "datasource": null,
      "fieldConfig": {
        "defaults": {
          "custom": {},
          "mappings": [],
          "max": 1,
          "thresholds": {
            "mode": "absolute",
            "steps": [
              {
                "color": "green",
                "value": null
              },
              {
                "color": "red",
                "value": 80
              }
            ]
          }
        },
        "overrides": []
      },
      "fill": 1,
      "fillGradient": 0,
      "gridPos": {
        "h": 8,
        "w": 12,
        "x": 12,
        "y": 16
      },
      "hiddenSeries": false,
      "id": 56,
      "legend": {
        "avg": false,
        "current": false,
        "max": false,
        "min": false,
        "show": false,
        "total": false,
        "values": false
      },
      "lines": true,
      "linewidth": 1,
      "nullPointMode": "null",
      "options": {
        "alertThreshold": true
      },
      "percentage": false,
      "pluginVersion": "7.3.7",
      "pointradius": 2,
      "points": false,
      "renderer": "flot",
      "seriesOverrides": [],
      "spaceLength": 10,
      "stack": false,
      "steppedLine": false,
      "targets": [
        {
          "expr": "sum(kafka_connect_worker_rebalance_rebalancing{strimzi_io_kind=~\"KafkaConnect.*\",strimzi_io_cluster=\"$strimzi_connect_cluster_name\"})",
          "interval": "",
          "legendFormat": "",
          "refId": "A"
        }
      ],
      "thresholds": [],
      "timeFrom": null,
      "timeRegions": [],
      "timeShift": null,
      "title": "Rebalancing",
      "tooltip": {
        "shared": true,
        "sort": 0,
        "value_type": "individual"
      },
      "type": "graph",
      "xaxis": {
        "buckets": null,
        "mode": "time",
        "name": null,
        "show": true,
        "values": []
      },
      "yaxes": [
        {
          "decimals": 0,
          "format": "none",
          "label": null,
          "logBase": 1,
          "max": "1",
          "min": "0",
          "show": true
        },
        {
          "format": "short",
          "label": null,
          "logBase": 1,
          "max": null,
          "min": null,
          "show": true
        }
      ],
      "yaxis": {
        "align": false,
        "alignLevel": null
      }
    },
    {
      "datasource": null,
      "fieldConfig": {
        "defaults": {
          "custom": {},
          "mappings": [],
          "thresholds": {
            "mode": "absolute",
            "steps": [
              {
                "color": "green",
                "value": null
              },
              {
                "color": "red",
                "value": 80
              }
            ]
          }
        },
        "overrides": []
      },
      "gridPos": {
        "h": 4,
        "w": 12,
        "x": 0,
        "y": 20
      },
      "id": 54,
      "options": {
        "displayMode": "gradient",
        "orientation": "horizontal",
        "reduceOptions": {
          "calcs": [
            "last"
          ],
          "fields": "",
          "values": false
        },
        "showUnfilled": true
      },
      "pluginVersion": "7.3.7",
      "targets": [
        {
          "expr": "sum(kafka_connect_coordinator_assigned_tasks{strimzi_io_kind=~\"KafkaConnect.*\",strimzi_io_cluster=\"$strimzi_connect_cluster_name\"}) by (kubernetes_pod_name)",
          "interval": "",
          "legendFormat": "{{kubernetes_pod_name}}",
          "refId": "A"
        }
      ],
      "timeFrom": null,
      "timeShift": null,
      "title": "Assigned Tasks per Worker",
      "type": "bargauge"
    },
    {
      "collapsed": false,
      "datasource": null,
      "gridPos": {
        "h": 1,
        "w": 24,
        "x": 0,
        "y": 24
      },
      "id": 48,
      "panels": [],
      "title": "Connectors and Tasks",
      "type": "row"
    },
    {
      "cacheTimeout": null,
      "columns": [],
      "datasource": "${DS_PROMETHEUS}",
      "description": "Connectors that have one or more tasks that are not in a running state, i.e. the state is one of paused, failed, unassigned or destroyed.",
      "fieldConfig": {
        "defaults": {
          "custom": {
            "align": null,
            "filterable": false
          },
          "mappings": [],
          "noValue": "0",
          "thresholds": {
            "mode": "absolute",
            "steps": [
              {
                "color": "green",
                "value": null
              },
              {
                "color": "red",
                "value": 80
              }
            ]
          }
        },
        "overrides": []
      },
      "fontSize": "100%",
      "gridPos": {
        "h": 9,
        "w": 12,
        "x": 0,
        "y": 25
      },
      "id": 34,
      "links": [],
      "options": {
        "frameIndex": 1,
        "showHeader": true
      },
      "pageSize": null,
      "pluginVersion": "7.3.7",
      "showHeader": true,
      "sort": {
        "col": 0,
        "desc": true
      },
      "styles": [
        {
          "alias": "Time",
          "align": "auto",
          "dateFormat": "YYYY-MM-DD HH:mm:ss",
          "pattern": "Time",
          "type": "date"
        },
        {
          "alias": "Tasks",
          "align": "auto",
          "colorMode": null,
          "colors": [
            "rgba(245, 54, 54, 0.9)",
            "rgba(237, 129, 40, 0.89)",
            "rgba(50, 172, 45, 0.97)"
          ],
          "dateFormat": "YYYY-MM-DD HH:mm:ss",
          "decimals": null,
          "mappingType": 1,
          "pattern": "Value",
          "thresholds": [],
          "type": "number",
          "unit": "short"
        },
        {
          "alias": "Connector",
          "align": "auto",
          "colorMode": null,
          "colors": [
            "rgba(245, 54, 54, 0.9)",
            "rgba(237, 129, 40, 0.89)",
            "rgba(50, 172, 45, 0.97)"
          ],
          "decimals": 0,
          "pattern": "Metric",
          "thresholds": [],
          "type": "number",
          "unit": "short"
        }
      ],
      "targets": [
        {
          "expr": "sum(kafka_connect_worker_connector_paused_task_count{namespace=\"$kubernetes_namespace\",strimzi_io_kind=~\"KafkaConnect.*\",strimzi_io_cluster=\"$strimzi_connect_cluster_name\"}) by (connector) != 0",
          "format": "table",
          "instant": true,
          "interval": "",
          "legendFormat": "",
          "refId": "A"
        },
        {
          "expr": "sum(kafka_connect_worker_connector_failed_task_count{namespace=\"$kubernetes_namespace\",strimzi_io_kind=~\"KafkaConnect.*\",strimzi_io_cluster=\"$strimzi_connect_cluster_name\"}) by (connector) != 0",
          "format": "table",
          "instant": true,
          "interval": "",
          "legendFormat": "",
          "refId": "B"
        },
        {
          "expr": "sum(kafka_connect_worker_connector_unassigned_task_count{namespace=\"$kubernetes_namespace\",strimzi_io_kind=~\"KafkaConnect.*\",strimzi_io_cluster=\"$strimzi_connect_cluster_name\"}) by (connector) != 0",
          "format": "table",
          "instant": true,
          "interval": "",
          "legendFormat": "",
          "refId": "C"
        },
        {
          "expr": "sum(kafka_connect_worker_connector_destroyed_task_count{namespace=\"$kubernetes_namespace\",strimzi_io_kind=~\"KafkaConnect.*\",strimzi_io_cluster=\"$strimzi_connect_cluster_name\"}) by (connector) != 0",
          "format": "table",
          "instant": true,
          "interval": "",
          "legendFormat": "",
          "refId": "D"
        }
      ],
      "title": "Connector Tasks with Issues",
      "transform": "timeseries_to_rows",
      "transformations": [
        {
          "id": "merge",
          "options": {}
        },
        {
          "id": "organize",
          "options": {
            "excludeByName": {},
            "indexByName": {
              "Time": 5,
              "Value #A": 1,
              "Value #B": 2,
              "Value #C": 3,
              "Value #D": 4,
              "connector": 0
            },
            "renameByName": {
              "Time": "Update Time",
              "Value #A": "Paused Tasks",
              "Value #B": "Failed Tasks",
              "Value #C": "Unassigned Tasks",
              "Value #D": "Destroyed Tasks",
              "connector": "Connector"
            }
          }
        }
      ],
      "type": "table"
    },
    {
      "aliasColors": {},
      "bars": false,
      "dashLength": 10,
      "dashes": false,
      "datasource": "${DS_PROMETHEUS}",
      "decimals": 0,
      "fieldConfig": {
        "defaults": {
          "custom": {}
        },
        "overrides": []
      },
      "fill": 1,
      "fillGradient": 0,
      "gridPos": {
        "h": 9,
        "w": 12,
        "x": 12,
        "y": 25
      },
      "hiddenSeries": false,
      "id": 35,
      "legend": {
        "alignAsTable": true,
        "avg": false,
        "current": true,
        "max": false,
        "min": false,
        "rightSide": true,
        "show": true,
        "total": false,
        "values": true
      },
      "lines": true,
      "linewidth": 1,
      "links": [],
      "nullPointMode": "null",
      "options": {
        "alertThreshold": true
      },
      "percentage": false,
      "pluginVersion": "7.3.7",
      "pointradius": 5,
      "points": false,
      "renderer": "flot",
      "seriesOverrides": [],
      "spaceLength": 10,
      "span": 4,
      "stack": false,
      "steppedLine": false,
      "targets": [
        {
          "expr": "sum(kafka_connect_worker_connector_running_task_count{strimzi_io_kind=~\"KafkaConnect.*\",strimzi_io_cluster=\"$strimzi_connect_cluster_name\"})",
          "format": "time_series",
          "hide": false,
          "instant": false,
          "interval": "",
          "intervalFactor": 1,
          "legendFormat": "running",
          "metric": "",
          "refId": "A",
          "step": 4
        },
        {
          "expr": "sum(kafka_connect_worker_connector_paused_task_count{strimzi_io_kind=~\"KafkaConnect.*\",strimzi_io_cluster=\"$strimzi_connect_cluster_name\"})",
          "interval": "",
          "legendFormat": "paused",
          "refId": "B"
        },
        {
          "expr": "sum(kafka_connect_worker_connector_failed_task_count{strimzi_io_kind=~\"KafkaConnect.*\",strimzi_io_cluster=\"$strimzi_connect_cluster_name\"})",
          "interval": "",
          "legendFormat": "failed",
          "refId": "D"
        },
        {
          "expr": "sum(kafka_connect_worker_connector_unassigned_task_count{strimzi_io_kind=~\"KafkaConnect.*\",strimzi_io_cluster=\"$strimzi_connect_cluster_name\"})",
          "interval": "",
          "legendFormat": "unassigned",
          "refId": "C"
        },
        {
          "expr": "sum(kafka_connect_worker_connector_destroyed_task_count{strimzi_io_kind=~\"KafkaConnect.*\",strimzi_io_cluster=\"$strimzi_connect_cluster_name\"})",
          "instant": false,
          "interval": "",
          "legendFormat": "destroyed",
          "refId": "E"
        }
      ],
      "thresholds": [],
      "timeFrom": null,
      "timeRegions": [],
      "timeShift": null,
      "title": "Connector Task State",
      "tooltip": {
        "shared": true,
        "sort": 0,
        "value_type": "individual"
      },
      "type": "graph",
      "xaxis": {
        "buckets": null,
        "mode": "time",
        "name": null,
        "show": true,
        "values": []
      },
      "yaxes": [
        {
          "decimals": 0,
          "format": "short",
          "label": "Number of connector tasks",
          "logBase": 1,
          "max": null,
          "min": null,
          "show": true
        },
        {
          "decimals": null,
          "format": "short",
          "label": null,
          "logBase": 1,
          "max": null,
          "min": null,
          "show": true
        }
      ],
      "yaxis": {
        "align": false,
        "alignLevel": null
      }
    },
    {
      "datasource": "${DS_PROMETHEUS}",
      "fieldConfig": {
        "defaults": {
          "color": {
            "mode": "thresholds"
          },
          "custom": {
            "align": "left",
            "displayMode": "auto",
            "filterable": false
          },
          "mappings": [],
          "thresholds": {
            "mode": "absolute",
            "steps": [
              {
                "color": "green",
                "value": null
              },
              {
                "color": "red",
                "value": 80
              }
            ]
          }
        },
        "overrides": []
      },
      "gridPos": {
        "h": 7,
        "w": 24,
        "x": 0,
        "y": 34
      },
      "id": 42,
      "options": {
        "showHeader": true,
        "sortBy": [
          {
            "desc": false,
            "displayName": "Connector"
          }
        ]
      },
      "pluginVersion": "7.3.7",
      "targets": [
        {
          "exemplar": true,
          "expr": "sum(kafka_connect_connector_status{strimzi_io_kind=~\"KafkaConnect.*\",strimzi_io_cluster=\"$strimzi_connect_cluster_name\"} * on(connector) group_left(connector_class) kafka_connect_connector_connector_class{} * on (connector) group_left(connector_version) kafka_connect_connector_connector_version{} * on (connector) group_left(connector_type) kafka_connect_connector_connector_type{}) by (connector, status, connector_class, kubernetes_pod_name, connector_version, connector_type)",
          "format": "table",
          "instant": true,
          "interval": "",
          "intervalFactor": 1,
          "legendFormat": "",
          "refId": "A"
        }
      ],
      "title": "Connector Status",
      "transformations": [
        {
          "id": "filterFieldsByName",
          "options": {
            "include": {
              "names": [
                "Time",
                "connector",
                "kubernetes_pod_name",
                "status",
                "connector_class",
                "connector_type",
                "connector_version"
              ]
            }
          }
        },
        {
          "id": "organize",
          "options": {
            "excludeByName": {},
            "indexByName": {
              "Time": 6,
              "connector": 0,
              "connector_class": 2,
              "connector_type": 3,
              "connector_version": 4,
              "kubernetes_pod_name": 1,
              "status": 5
            },
            "renameByName": {
              "Time": "Update Time",
              "connector": "Connector",
              "connector_class": "Class",
              "connector_type": "Type",
              "connector_version": "Version",
              "kubernetes_pod_name": "Worker Pod Name",
              "status": "Status"
            }
          }
        }
      ],
      "type": "table"
    },
    {
      "datasource": "${DS_PROMETHEUS}",
      "fieldConfig": {
        "defaults": {
          "color": {
            "mode": "thresholds"
          },
          "custom": {
            "align": "auto",
            "displayMode": "auto",
            "filterable": false
          },
          "mappings": [],
          "thresholds": {
            "mode": "absolute",
            "steps": [
              {
                "color": "green",
                "value": null
              },
              {
                "color": "red",
                "value": 80
              }
            ]
          }
        },
        "overrides": [
          {
            "matcher": {
              "id": "byName",
              "options": "Task"
            },
            "properties": [
              {
                "id": "custom.align",
                "value": "left"
              }
            ]
          },
          {
            "matcher": {
              "id": "byName",
              "options": "Total Record Failures"
            },
            "properties": [
              {
                "id": "custom.align",
                "value": "left"
              }
            ]
          }
        ]
      },
      "gridPos": {
        "h": 8,
        "w": 24,
        "x": 0,
        "y": 41
      },
      "id": 41,
      "options": {
        "showHeader": true,
        "sortBy": [
          {
            "desc": false,
            "displayName": "Connector"
          }
        ]
      },
      "pluginVersion": "7.3.7",
      "targets": [
        {
          "exemplar": true,
          "expr": "sum(kafka_connect_task_error_total_record_failures{strimzi_io_kind=~\"KafkaConnect.*\",strimzi_io_cluster=\"$strimzi_connect_cluster_name\"} * on(connector, task) group_left(status) kafka_connect_connector_task_status{}) by (connector, status, kubernetes_pod_name, task)",
          "format": "table",
          "instant": true,
          "interval": "",
          "legendFormat": "",
          "refId": "A"
        }
      ],
      "title": "Connector Task Status",
      "transformations": [
        {
          "id": "filterFieldsByName",
          "options": {
            "include": {
              "names": [
                "Time",
                "connector",
                "kubernetes_pod_name",
                "status",
                "task",
                "Value"
              ]
            }
          }
        },
        {
          "id": "organize",
          "options": {
            "excludeByName": {
              "connector": false
            },
            "indexByName": {
              "Time": 5,
              "Value": 3,
              "connector": 0,
              "kubernetes_pod_name": 2,
              "status": 4,
              "task": 1
            },
            "renameByName": {
              "Time": "Update Time",
              "Value": "Total Record Failures",
              "connector": "Connector",
              "kubernetes_pod_name": "Worker Pod Name",
              "status": "Status",
              "task": "Task"
            }
          }
        }
      ],
      "type": "table"
    },
    {
      "collapsed": false,
      "datasource": null,
      "gridPos": {
        "h": 1,
        "w": 24,
        "x": 0,
        "y": 49
      },
      "id": 44,
      "panels": [],
      "title": "JVM",
      "type": "row"
    },
    {
      "aliasColors": {},
      "bars": false,
      "dashLength": 10,
      "dashes": false,
      "datasource": "${DS_PROMETHEUS}",
      "fieldConfig": {
        "defaults": {
          "custom": {}
        },
        "overrides": []
      },
      "fill": 1,
      "fillGradient": 0,
      "gridPos": {
        "h": 7,
        "w": 6,
        "x": 0,
        "y": 50
      },
      "hiddenSeries": false,
      "id": 30,
      "legend": {
        "alignAsTable": true,
        "avg": false,
        "current": true,
        "max": false,
        "min": false,
        "show": true,
        "total": false,
        "values": true
      },
      "lines": true,
      "linewidth": 1,
      "links": [],
      "nullPointMode": "null",
      "options": {
        "alertThreshold": true
      },
      "percentage": false,
      "pluginVersion": "7.3.7",
      "pointradius": 5,
      "points": false,
      "renderer": "flot",
      "seriesOverrides": [],
      "spaceLength": 10,
      "span": 4,
      "stack": false,
      "steppedLine": false,
      "targets": [
        {
          "expr": "sum(rate(container_cpu_usage_seconds_total{namespace=\"$kubernetes_namespace\",pod=~\"$strimzi_connect_cluster_name-connect-.+\",container=\"$strimzi_connect_cluster_name-connect\"}[5m])) by (pod)",
          "format": "time_series",
          "hide": false,
          "intervalFactor": 2,
          "legendFormat": "{{pod}}",
          "metric": "",
          "refId": "A",
          "step": 4
        }
      ],
      "thresholds": [],
      "timeFrom": null,
      "timeRegions": [],
      "timeShift": null,
      "title": "CPU Usage",
      "tooltip": {
        "shared": true,
        "sort": 0,
        "value_type": "individual"
      },
      "type": "graph",
      "xaxis": {
        "buckets": null,
        "mode": "time",
        "name": null,
        "show": true,
        "values": []
      },
      "yaxes": [
        {
          "format": "short",
          "label": "Cores",
          "logBase": 1,
          "max": null,
          "min": null,
          "show": true
        },
        {
          "format": "short",
          "label": null,
          "logBase": 1,
          "max": null,
          "min": null,
          "show": true
        }
      ],
      "yaxis": {
        "align": false,
        "alignLevel": null
      }
    },
    {
      "aliasColors": {},
      "bars": false,
      "dashLength": 10,
      "dashes": false,
      "datasource": "${DS_PROMETHEUS}",
      "fieldConfig": {
        "defaults": {
          "custom": {}
        },
        "overrides": []
      },
      "fill": 1,
      "fillGradient": 0,
      "gridPos": {
        "h": 7,
        "w": 6,
        "x": 6,
        "y": 50
      },
      "hiddenSeries": false,
      "id": 31,
      "legend": {
        "alignAsTable": true,
        "avg": false,
        "current": true,
        "max": false,
        "min": false,
        "show": true,
        "total": false,
        "values": true
      },
      "lines": true,
      "linewidth": 1,
      "links": [],
      "nullPointMode": "null",
      "options": {
        "alertThreshold": true
      },
      "percentage": false,
      "pluginVersion": "7.3.7",
      "pointradius": 5,
      "points": false,
      "renderer": "flot",
      "seriesOverrides": [],
      "spaceLength": 10,
      "span": 4,
      "stack": false,
      "steppedLine": false,
      "targets": [
        {
          "expr": "sum (jvm_memory_bytes_used{strimzi_io_kind=~\"KafkaConnect.*\",strimzi_io_cluster=\"$strimzi_connect_cluster_name\"}) by (kubernetes_pod_name)",
          "format": "time_series",
          "hide": false,
          "intervalFactor": 2,
          "legendFormat": "{{kubernetes_pod_name}}",
          "metric": "",
          "refId": "A",
          "step": 4
        }
      ],
      "thresholds": [],
      "timeFrom": null,
      "timeRegions": [],
      "timeShift": null,
      "title": "JVM Memory",
      "tooltip": {
        "shared": true,
        "sort": 0,
        "value_type": "individual"
      },
      "type": "graph",
      "xaxis": {
        "buckets": null,
        "mode": "time",
        "name": null,
        "show": true,
        "values": []
      },
      "yaxes": [
        {
          "format": "bytes",
          "label": "Memory",
          "logBase": 1,
          "max": null,
          "min": null,
          "show": true
        },
        {
          "format": "short",
          "label": null,
          "logBase": 1,
          "max": null,
          "min": null,
          "show": true
        }
      ],
      "yaxis": {
        "align": false,
        "alignLevel": null
      }
    },
    {
      "aliasColors": {},
      "bars": false,
      "dashLength": 10,
      "dashes": false,
      "datasource": "${DS_PROMETHEUS}",
      "decimals": 5,
      "fieldConfig": {
        "defaults": {
          "custom": {}
        },
        "overrides": []
      },
      "fill": 1,
      "fillGradient": 0,
      "gridPos": {
        "h": 7,
        "w": 6,
        "x": 12,
        "y": 50
      },
      "hiddenSeries": false,
      "id": 32,
      "legend": {
        "alignAsTable": true,
        "avg": false,
        "current": true,
        "max": true,
        "min": false,
        "show": true,
        "total": false,
        "values": true
      },
      "lines": true,
      "linewidth": 1,
      "links": [],
      "nullPointMode": "null",
      "options": {
        "alertThreshold": true
      },
      "percentage": false,
      "pluginVersion": "7.3.7",
      "pointradius": 5,
      "points": false,
      "renderer": "flot",
      "seriesOverrides": [],
      "spaceLength": 10,
      "span": 4,
      "stack": false,
      "steppedLine": false,
      "targets": [
        {
          "expr": "sum(rate(jvm_gc_collection_seconds_sum{strimzi_io_kind=~\"KafkaConnect.*\",strimzi_io_cluster=\"$strimzi_connect_cluster_name\"}[5m])) by (kubernetes_pod_name)",
          "format": "time_series",
          "hide": false,
          "intervalFactor": 2,
          "legendFormat": "{{kubernetes_pod_name}}",
          "metric": "",
          "refId": "A",
          "step": 4
        }
      ],
      "thresholds": [],
      "timeFrom": null,
      "timeRegions": [],
      "timeShift": null,
      "title": "Time Spent in GC",
      "tooltip": {
        "shared": true,
        "sort": 0,
        "value_type": "individual"
      },
      "type": "graph",
      "xaxis": {
        "buckets": null,
        "mode": "time",
        "name": null,
        "show": true,
        "values": []
      },
      "yaxes": [
        {
          "decimals": null,
          "format": "percent",
          "label": "% time in GC",
          "logBase": 1,
          "max": "100",
          "min": null,
          "show": true
        },
        {
          "format": "short",
          "label": null,
          "logBase": 1,
          "max": null,
          "min": null,
          "show": true
        }
      ],
      "yaxis": {
        "align": false,
        "alignLevel": null
      }
    },
    {
      "aliasColors": {},
      "bars": false,
      "dashLength": 10,
      "dashes": false,
      "datasource": "${DS_PROMETHEUS}",
      "decimals": 0,
      "description": "",
      "fieldConfig": {
        "defaults": {
          "custom": {}
        },
        "overrides": []
      },
      "fill": 1,
      "fillGradient": 0,
      "gridPos": {
        "h": 7,
        "w": 6,
        "x": 18,
        "y": 50
      },
      "hiddenSeries": false,
      "id": 37,
      "legend": {
        "alignAsTable": true,
        "avg": false,
        "current": true,
        "max": false,
        "min": false,
        "show": true,
        "total": false,
        "values": true
      },
      "lines": true,
      "linewidth": 1,
      "links": [],
      "nullPointMode": "null",
      "options": {
        "alertThreshold": true
      },
      "paceLength": 10,
      "percentage": false,
      "pluginVersion": "7.3.7",
      "pointradius": 5,
      "points": false,
      "renderer": "flot",
      "seriesOverrides": [],
      "spaceLength": 10,
      "stack": false,
      "steppedLine": false,
      "targets": [
        {
          "expr": "sum(jvm_threads_current{namespace=\"$kubernetes_namespace\",strimzi_io_kind=~\"KafkaConnect.*\",strimzi_io_cluster=\"$strimzi_connect_cluster_name\"}) by (kubernetes_pod_name)",
          "format": "time_series",
          "intervalFactor": 1,
          "legendFormat": "{{kubernetes_pod_name}}",
          "refId": "A"
        }
      ],
      "thresholds": [],
      "timeFrom": null,
      "timeRegions": [],
      "timeShift": null,
      "title": "JVM Thread Count",
      "tooltip": {
        "shared": true,
        "sort": 0,
        "value_type": "individual"
      },
      "type": "graph",
      "xaxis": {
        "buckets": null,
        "mode": "time",
        "name": null,
        "show": true,
        "values": []
      },
      "yaxes": [
        {
          "format": "short",
          "label": null,
          "logBase": 1,
          "max": null,
          "min": null,
          "show": true
        },
        {
          "format": "short",
          "label": null,
          "logBase": 1,
          "max": null,
          "min": null,
          "show": true
        }
      ],
      "yaxis": {
        "align": false,
        "alignLevel": null
      }
    }
  ],
  "refresh": "5s",
  "schemaVersion": 26,
  "style": "dark",
  "tags": [
    "Strimzi",
    "Kafka",
    "Kafka Connect"
  ],
  "templating": {
    "list": [
      {
        "current": {},
        "error": null,
        "hide": 0,
        "includeAll": false,
        "label": "datasource",
        "multi": false,
        "name": "DS_PROMETHEUS",
        "options": [],
        "query": "prometheus",
        "refresh": 1,
        "regex": "",
        "skipUrlSync": false,
        "type": "datasource"
      },
      {
        "allValue": null,
        "current": {},
        "datasource": "${DS_PROMETHEUS}",
        "definition": "",
        "error": null,
        "hide": 0,
        "includeAll": false,
        "label": "Namespace",
        "multi": false,
        "name": "kubernetes_namespace",
        "options": [],
        "query": "query_result(kafka_connect_worker_connector_count{strimzi_io_kind=~\"KafkaConnect.*\"})",
        "refresh": 1,
        "regex": "/.*namespace=\"([^\"]*).*/",
        "skipUrlSync": false,
        "sort": 0,
        "tagValuesQuery": "",
        "tags": [],
        "tagsQuery": "",
        "type": "query",
        "useTags": false
      },
      {
        "allValue": null,
        "current": {},
        "datasource": "${DS_PROMETHEUS}",
        "definition": "",
        "error": null,
        "hide": 0,
        "includeAll": false,
        "label": "Cluster Name",
        "multi": false,
        "name": "strimzi_connect_cluster_name",
        "options": [],
        "query": "query_result(kafka_connect_worker_connector_count{namespace=\"$kubernetes_namespace\", strimzi_io_kind=~\"KafkaConnect.*\"})",
        "refresh": 1,
        "regex": "/.*strimzi_io_cluster=\"([^\"]*).*/",
        "skipUrlSync": false,
        "sort": 0,
        "tagValuesQuery": "",
        "tags": [],
        "tagsQuery": "",
        "type": "query",
        "useTags": false
      }
    ]
  },
  "time": {
    "from": "now-1h",
    "to": "now"
  },
  "timepicker": {
    "refresh_intervals": [
      "5s",
      "10s",
      "30s",
      "1m",
      "5m",
      "15m",
      "30m",
      "1h",
      "2h",
      "1d"
    ],
    "time_options": [
      "5m",
      "15m",
      "1h",
      "6h",
      "12h",
      "24h",
      "2d",
      "7d",
      "30d"
    ]
  },
  "timezone": "",
  "title": "Strimzi Kafka Connect",
  "uid": "39fb097dc2c5ebf8a7717cf78fc2f8f7",
  "version": 4
}
